currency1,currency2,ratio,timeframe
ATOM/USDT,IOTX/USDT,454.91102962129355,1d
QTUM/USDT,SNX/USDT,1.1333293959280095,1d
FLM/USDT,HOT/USDT,51.76039336246877,1d
API3/USDT,GTC/USDT,0.8678658017991088,1d
AVAX/USDT,CRV/USDT,18.42279348530615,1d
FIL/USDT,VET/USDT,233.8391668240231,1d
NMR/USDT,SKL/USDT,432.38049145905217,1d
KSM/USDT,RVN/USDT,1196.9087980391118,1d
TRB/USDT,UNI/USDT,2.3902828618165075,1d
CTSI/USDT,ICX/USDT,0.6531640666351476,1d
