currency1,currency2,ratio,timeframe
C98/USDT,TRU/USDT,6.96599329060049,1d
ONT/USDT,XEM/USDT,5.411102048831502,1d
1INCH/USDT,LINA/USDT,68.79254939419937,1d
TOMO/USDT,ZEN/USDT,0.0302045222775863,1d
DOT/USDT,UMA/USDT,2.9767548250913096,1d
DGB/USDT,NKN/USDT,0.1037333710074326,1d
AXS/USDT,GRT/USDT,138.7117200094261,1d
CKB/USDT,STX/USDT,0.0101914121246005,1d
FIL/USDT,REN/USDT,61.25997105675246,1d
